num_topics,div_score
2,0.139658318
4,0.234225301
6,0.29560263
8,0.325634391
10,0.358816253
12,0.372913391
14,0.3935426
16,0.408624322
18,0.415556667
20,0.42230054
22,0.430795885
24,0.433110567
26,0.432566257
28,0.433579032
30,0.436461489
32,0.434750464
34,0.432042108
36,0.429535923
38,0.425397966
40,0.419888668
42,0.413386052
44,0.409364789
46,0.400435622
48,0.393213614
50,0.382099171
52,0.377294349
